Society,Culture Region,Description,Age of doll,Gender of doll,Clothes,Hair,Face,Materials,Use,Type of Magic,Type of Play,User age,User gender,Maker age,Maker gender,Age at alloparenting,Age at marriage,Source,Children Do Childcare
Abkhazians,Caucasus,"""She then makes a richly-dressed doll in the image of a man, buries it in the earth for the “liberation” of the sick person, and says, “Play and amuse yourself with this instead of with the sick one.”"" pg 45",Adult,Man,Yes,NA,NA,NA,Magic,Protection,,,,Adult,Woman,,," (1894) Abkhazia and the Abkhaz
Section: 1. The Ceremony in Honor of Mother Earth
By: Janašvili, Mose ",
Ainu,East Asia,"""The Ainu, like the Gilyak, try equally hard to protect themselves from the repetition of such a misfortune by sacrifices and prayers. In the south of Sakhalin Island for instance, they hang, in honor of the gods and spirits, the usual sacrificial object, the intricately carved stick ( inau ), over the bed of a mother of twins. In the northern villages they attach, apart 771 cont. from the inau, two little dolls or rather wooden sticks to the wall, which are meant to represent the twins. This inau is renewed every time the old ashes are removed from the yurt, whereupon they sacrifice to almost all the gods. In the house of one Ainu who inhabited the northern most village of Taraika I saw talismans that had the purpose of preventing the recurrence of a twin birth."" pg 13",NA,NA,NA,NA,NA,Wood,Magic,Protection,,,,Adult,,,," (1910) Pregnancy, birth and miscarriage among the inhabitants of Sakhalin Island (Gilyak and Ainu)
Section: General Treatment of Women.
By: Pilsudski, Bronislaw ",
Akan,Western Africa,"""It is said that dolls were also bought (or even carved) by fathers or by husbands for daughters or wives. Young (pre-menarche) girls were given these carvings to play with: it was believed that by looking upon a well-formed doll a woman was influenced or assisted to bear a good-looking child. A link of some sort was conceived between the form and quality of the doll and the nature of the child eventually born."" pg 166 ""Sometimes loops of beads are tied around the ‘waist’."" pg 164",Infant,Man and Woman,Yes,NA,NA,Wood,Play & Magic,Fertility,Caregiving,"Child, Adult",Girl,Adult,Man,,," (1981) The Asante
Section: 12 Wood-carvings
By: McLeod, M. D. (Malcolm D.",
Akan (2),Western Africa,"""This very elaborate suman formerly had its head-quarters on the shore of Lake Bosomtwe. 2 2 See Ashanti, Chapter II, for a full account of the lake. It was used ostensibly for the purpose of discovering witches, but like so many fetishes, once they have achieved a more than personal or local reputation, was being used for purposes of blackmail and extortion. This fetish, in common with several others, I believe, was not of pure Ashanti origin, having been introduced from Apollonia. It was far more elaborate than the usual unostentatious suman, having its men and women attendants and its temples, exactly on the same lines as the orthodox abosom. The complete fetish comprised at least six separate suman, all in anthropomorphic form. The most striking part of the fetish were representations of two life-sized models in clay of female breasts which, supported on a column, formed a kind of alter, the whole having the general appearance of a headless and armless trunk. Fig. 25 is a sketch made from photographs which I took, none of which, however, were successful owing to the dim lighting of the interior of the temple. Between the breasts a knife was thrust and below it was a chaplet of leaves. Above the breasts rested the small wood in figure called Fwemso, from which the whole composite fetish took its name. Suspended above the breasts and swinging between two upright posts was another ‘doll’ called mframa (lit. the wind). The remaining dolls, four in number, stood all round resting beside covered pots. One of these dolls, Kwaku by name, carried a knife under his armpit."" pg 31",,,,,,,Magic,Punishment,,,,,,,,,
Amahuaca,Amazon and Orincoco,"""These two girls also made sun-dried clay dolls, complete with incised lines to represent painted facial designs. Seeds were pressed into the clay to represent eyes and necklaces, and the dolls' heads were topped with some of the girls' own hair. These dolls are also said to help cause pregnancy."" pg 17",,,,Yes,,,"Play, Magic",Fertility,,Child,Girl,Child,Girl,,," (1974) The marriages of Pacho: a woman's life among the Amahuaca
Section: The Marriages of Pacho: A Woman's Life among the Amahuaca
By: Dole, Gertrude Evelyn",
Barama River Carib,Amazon and Orincoco,"""When pregnant and yearning to have a healthy child, women occasionally fashion out of beeswax dolls that fit in the palm of their hands. These dolls are eventually discarded. "" pg 7",,,,,,Beeswax,Magic,Fertility,,,,Adult,Woman,,," (2009) Culture summary: Barama River Carib
Section: ARTS
By: Adams, Kathleen J.",
Barama River Carib,Amazon and Orincoco,"""Small girls play with dolls (myakonbokupo) made from patumo wood and dressed with bits of cotton or cloth."" pg 59",,,Yes,,,"Wood, Cloth",Play,,,Child,Girl,,,,," (1936) The Barama River Caribs of British Guiana
Section: RECREATION AMUSEMENTS, STIMULANTS AND NARCOTICS, ART
By: Gillin, John",
Saramaka,Amazon and Orincoco,"""Women children played with “gossi.” She put down her pestle, and felt about in her cloth where the child slept, and brought out a gourd, resembling in size a small cucumber. It had beads on top for eyes and a few deft cuts to indicate nose and mouth, while above the eyes was crosshatching for the hair. Until girls were old enough to be of use in the fields, they sat about in the clearing playing with these dolls."" pg 215",,,,Yes,Yes,Gourd,Play,,,Child,Girl,,,,," (1934) Rebel destiny: among the bush Negroes of Dutch Guiana
Section: 3
By: Herskovits, Melville Jean,",
Warao,Amazon and Orincoco,"""Song is not used by a bahanarotu when he inflicts illness by shooting magical projectiles through the air, except in one very rare instance, namely when a bahanarotu is a daunarima or father of the wood. The wood, daunona, is a small wooden doll over which the daunarima has complete control. As a bahanarotu he can shoot his doll through the air over long distances into the body of his victim. The actual shooting is done with the help of a song, which I was unable to obtain"" pg 116",,,,,,Wood,Magic,Punishment,,,,Adult,Man,,," (1973) Music and shamanism of the Winikina-Warao Indians: songs for curing and other theurgy, volume I
Section: Inflicting
By: Olsen, Dale Alan",
Warao (2),Amazon and Orincoco,"""For the sacred dances which they dance every year in honor of the “ Jebu, ” they place in the middle of 306 cont. the “ jojonoko, ” dance hall, a painted doll called “ Jataburu, ” an arrow shaft made out of a moriche stem, well finished, on the upper part of which they paint, with onoto or charcoal, a head, face, eyes, forehead, and nose, giving it the form of a man, around which they dance during the season of the sacred dances. Since these religious fiestas are in honor of the god “ Jebu, ” I believe that this painted doll is another image of him, thus being able to call it properly, instead of “ Jatabu-ru, ” “ Jebusita, ” effigy of the “ Jebu, ” but I would not venture to state this with absolute certainty. "" pg 311",,,,,Yes,,Magic,Spirits,,,,Adult,,,," (1945) Ethnography of the Guarauno Indians
Section: Chapter XXVII Guaraúno Religion
By: Turrado Moreno, Angel ",
Warao (3),Amazon and Orincoco,"""Girls have wooden dolls made by their fathers and miniature hammocks"" pg 879",,,,,,Wood,Play,,,Child,Girl,Adult,Man,,," (1946) The Warrau
Section: ESTHETIC AND RECREATIONAL ACTIVITIES
By: Kirchhoff, Paul",
Amhara,Eastern Africa,"""“From the adults (children) take both ideas and hand-me-down objects that have been used, worn-out and discarded, for their play activities . . . for adults rarely produce a toy for children nor give them any new, unused object.” Messing, “The Highland-Plateau Amhara,” p. 435. although in some families little dolls made of rags ( ashangulit ) are produced. Children have a rich play-life with their peers, but this consists mostly in imitating various adult activities. "" pg 266",NA,NA,NA,NA,NA,Cloth,Play,,NA,Child,NA,Adult(?),NA,,,"(1965) Wax & gold: tradition and innovation in Ethiopian culture
Section: Education and Socialization
By: Levine, Donald Nathan",
Aleut,Arctic and Subarctic,"""The girls are, however, much more repressed, and, though they have a few games, and play quietly with quaintly dressed dolls, yet they do not appear to be possessed of that usual feminine animation so conspicuously marked in our home-life.”"" pg 240",,,Yes,,,,Play,,,,,Child,Girl,,," (1886) Our Arctic province: Alaska and the Seal Islands
Section: Untitled Section
By: Elliott, Henry Wood",
Copper Inuit,Arctic and Subarctic,"""“The children naturally have many pastimes that imitate the actions of their elders. Girls make dolls out of scraps of skin, and clothe them like real men and women. Their mothers encourage them, for it is in this way that they learn to sew and to cut out patterns. Both boys and girls play at building snow houses"" pg 219",,,Yes,,,"Skin, Cloth",Play,,,,,Child,Girl,,,"1922) The life of the Copper Eskimos
Section: “AMUSEMENTS
By: Jenness, Diamond",
Eyak,Arctic and Subarctic,"""The shaman makes wooden dolls or figures of men, birds, and animals into which he puts his helpers or his own power or “mind.” Johnny Stevens has seen a shaman who had dolls representing a man, a halibut, a seal, and a killerwhale. A doll bought in the store might be used. When the shaman is not using his doll, and his “mind” or his spirit helper is not in it, the image is just an “ordinary” (profane) object.' During the seance the dolls will move according to their nature — walk, fly, etc. — but they cannot change their shape.' Thus the image of a bird cannot turn into a fish, and vice versa. These dolls can be sent more than a thousand miles away. The dolls may be painted, but Johnny Stevens does not know what kind of paint is used."" pg 210",,,,,,,Magic,Spirits,,,,Adult,,,," (1938) The Eyak Indians of the Copper River Delta, Alaska
Section: Shamans.
By: Birket-Smith, Kaj",
Eyak (2),Arctic and Subarctic,"""Galushia said that he had never heard that shamans gave ventriloquist performances with their dolls, but he knew that they were supposed to be able to kill men and animals with them at a distance."" pg 210",,,,,,,Magic,Punishment,,,,Adult,,,," (1938) The Eyak Indians of the Copper River Delta, Alaska
Section: Shamans.
By: Birket-Smith, Kaj",
Ingalik,Arctic and Subarctic,"""lls serve as playthings for babies during the age when they are crawling. Little girls may continue to play with them until they are six or seven years of age but boy babies are definitely discouraged from playing with dol"" pg 390",,,,,,,Play,,,Child,Girl,,,,," (1970) Ingalik material culture
Section: DOLL
By: Osgood, Cornelius",
Ingalik (2),Arctic and Subarctic,"""At the other end of the line, the shaman ties a carved figure or skin of his most powerful medicine. This is known in certain cases to be a wood doll or a hawk skin. The length of line which ties the medicine to the post is used to bind the doll or other object against the post. When trouble threatens the whole village, the doll (or other object) is said to make a noise and pull itself loose. A shamanistic performance is then required for the benefit of the village."" pg 420",,,,,,,Magic,Protection,,,,Adult,,,," (1970) Ingalik material culture
Section: SHAMAN'S PARAPHERNALIA
By: Osgood, Cornelius",
Innu,Arctic and Subarctic,"""Girls play with dolls, and, if they do not possess a real doll, they make one from a piece of rag, a bunch of grass, etc., devoting as much attention to this fabrication as if it were a real infant."" pg 14

""Little girls, for instance, who make dolls of wood and dress them with pieces of cast-off skin, rags, or fur, are prognosticating for themselves a happy and fruitful future as mothers."" pg 196, Speck",Infant,,,,,"Cloth, Grass, Wood",Play,,Caregiving,Child,Girl,Child,Girl,,," (1944) The Woman and the child among the Lac-St-Jean Montagnais
Section: B. EDUCATION OF CHILDREN
By: Burgesse, J. Allan ",
Kaska,Arctic and Subarctic,"""Sometimes the practitioner “blew” water from his mouth on the sore part of a patient's anatomy or he might drive the illness into a foreign object, like a rock or a small doll that had been prepared by his wife. He pushed the image into the patient's body, causing it to disappear. Then object as well as illness were extracted and quickly stuffed into the curer's pouch."" pg 111",,,,,,,Magic,Protection (Healing),,,,Adult,,,," (1954) The Kaska Indians: an ethnographic reconstruction
Section: MAGIC
By: Honigmann, John Joseph",
Ojibwa,Arctic and Subarctic,"""They give this doll a name, signifying “misery” or “misfortune,” and which may be best translated “the doll of sorrow.” This lifeless object takes the place of the deceased child. The mourning mother carries it about for a whole year: she places it near her at the fire, and sighs often enough when gazing on it. She also takes it on her excursions and travels, like a living child. The leading idea, so I was told, was, that the little, helpless, dead creature, as it did not know how to walk, could not find its way into paradise. The mother could help its soul on the journey by continually carrying about its representation. This they bear about till they fancy the spirit of the child has grown sufficiently to be able to help itself along."" pg 108",Child,,,,,,Magic,"Spirits, Funerary",,,,,,,," (1860) Kitchi-Gami: wanderings round Lake Superior
Section: CHAPTER IX.
By: Kohl, Johann Georg",
Ojibwa (2),Arctic and Subarctic,"""Girls play with dolls, erect play houses, and in many ways attempt to imitate their mothers"" pg b41",,,,,,,Play,,,Child,Girl,,,,," (1962) The Round Lake Ojibwa
Section: Childhood:
By: Rogers. Edward S",
Slavey,Arctic and Subarctic,"""Girls often play with a doll, perhaps using simply a little bundle of sticks and rags to simulate a swaddled baby."" pg 93",Infant,,,,,"Wood, Cloth",Play,,Caregiving,,,,,,," (1961) The Lynx Point people: the dynamics of a northern Athapaskan band
Section: Sociable Relations and Recreation
By: Helm, June",
Yi,Asia,"Present (see above) but absent as play object: ""I found out after a while that the fear of the doll was the fear of witchcraft. When there is illness about, especially when the disease is contagious, the wizard is called in, and he makes a kind of doll of straw, etc., and into this doll he charms the demon of the disease. The straw figure is then taken out and placed by the roadside. Before long the demon is supposed to pass into some one or other of the passers-by, and in that case the person originally ill recovers rapidly. It was the fear of the wizard's straw figure that made my prettily dressed dollies so unpopular. I suppose down in the hearts of some of the people there was the fear that I was some powerful medicine man who could bewitch with the little figures in scarlet and blue. Fancy a land where the little girls are afraid to play with a doll!",,,,,,,,,,,,,,,,,
Aranda,Australia,"""“Here then we have the idea of the doll, simple though it be. But after all, simplicity in method, so far as the training of children is concerned, is perhaps the readiest means of stimulating the imitative, and with it the creative, force which Nature has endowed them with.
The doll is usually just a plain stick or stone, with perhaps some distinguishing feature upon it, like a knob at one end which represents the head. Occasionally it is painted with red ochre. Dr. W. E. Roth found that on the Tully River in Queensland a for[unknown] ked stick is chosen so as to permit the child fixing it on its neck like a mother carrying her baby, with its lower limbs dangling over the shoulders. "" pg 80",Infant,,,,,,Play,,Caregiving,Child,,,,,," (1925) The Australian aboriginal
Section: Untitled Section
By: Basedow, Herbert,",
Azande,Central Africa,"""Only one child has been noticed playing with a home-made doll, roughly fashioned out of a piece of wood, which she said was her baby. It is possible that she may have got the idea from seeing other children playing with real dolls that had been given them by Europeans, nothing delighting a Zande girl more than such a present."" pg 27",Infant,NA,NA,NA,NA,Wood,Play,,Caregiving,Child,Girl,NA,NA,,," (1926) An account of the Zande
Section: Untitled Section
By: Larken, P. M",
Balinese,Southeast Asia,""" Through sympathy between the victim and something of his — his image, a photograph or a doll containing any of the above ingredients — his soul is captured and tortured because he feels the harm done to his image. Consequently the Balinese carefully collect and bury all nail-cuttings, hair, tooth-filings, and so forth."" pg 350",Adult,,NA,NA,NA,NA,Magic,Punishment,,,,Adult,,,," (1938) Island of Bali
Section: THE WITCH-DOCTORS, MAGIC, AND MEDICINE
By: Covarrubias, Miguel",
Balinese (2),Southeast Asia,"""During the celebration a doll made of coconut-leaf stems may be thrown away along the road or near the bathing place to ward off the dangers threatening the child."" pg 57",NA,NA,NA,NA,NA,Leaves,Magic,Protection,,,,,,,," (1960) Introduction
Section: 3 Rites de Passage
By: Swellengrebel, J. L. ",
Balinese (3),Southeast Asia,"""2. Sanghyang. A variety of sanghyang is the sanghyang déling found in Kintamani and other villages around the crater of the Batur. The girls are put into the trance by means of two dolls representing the deities, strung through their middles by a cord, the ends of which are attached to short sticks tensely held by two boys. The string with the dolls is thus held taut in front of the two kneeling girls, songs are chanted, and the boys go into trance; their arms become rigid and commence to shake, causing the dolls to dance back and forth across the cord. As the boys shake more and more violently, the vibration increases and the dolls leap, whirl, and clash against each other. The girls have become drowsy and suddenly faint, going into the trance to be dressed and dance as in the ordinary sanghyang. pg 357",Adult,NA,NA,NA,NA,NA,Magic,Spirits,,,,,,,," (1938) Island of Bali
Section: ADDITIONAL NOTES
By: Covarrubias, Miguel",
Bambara,Western Africa,"""If one of the twins dies early in life, as usually happens, the survivor receives a statuette which he keeps all his life with jealous care and to which he gives the name of the deceased. He dresses it to the best of his ability, often covers it with glass trinkets, such as bangles, beads, bits of amber, rings, etc., and well-bred people never give him a gift without adding at least 5 cowrie shells for the statuette."" pg 99",NA,NA,Yes,,,Wood,Magic,,,Child,Boy,Adult,Man,,," (1910) The Soul of an African people: The Bambara: their psychic, ethical, religious and social life
Section: 9. The Twins' Genie
By: Henry, Jos. (Joseph)",
Bemba,Southern Africa,"""Bemba children have no material possessions beyond the twig bow or the maize cob doll, but all the objects they use they are taught to yield up on demand from an elder."" pg 197",NA,NA,NA,NA,NA,Corn,Play,,NA,Child,NA,NA,NA,,," (1939) Land, labour and diet in Northern Rhodesia: an economic study of the Bemba tribe
Section: Education in Distribution
By: Richards, Audrey I. (Audrey Isabel)",
Burusho,South Asia,"""As we came back we found a large group of women and children on the main road, and one of the wee girls had a “doll.” This consisted simply of one piece of stick with some rags hung round it and two cross sticks for arms which were jointed on and neatly attached to a piece of string so that they waved about when you pulled. They made it “dance” for us with much amusement and laughter, but we could not detach 1. Gohir Nimo of No. 9 reaping. ( See p. 134) PLATE XVII 2. Family group of No. (■) Aliko (seated in background) watches Sóni proudly rocking his first grandson. ( See p. 161) the doll and its owner from the crowd to get a decent photograph."" pg 223",NA,NA,Yes,NA,NA,"Wood, Cloth",Play,,NA,Child,Girl,NA,NA,,," (1939) Language hunting in the Karakoram
Section: Chapter 24 BARLEY SOWING AND “STARVATION SPRINGTIME”
By: Lorimer, E. O. (Emily Overend)",
Cambodians,Southeast Asia,"""“This illness is not the vengeance of a genie: it is the work of an evil spirit; only the Kru can drive it out”. Then the Kru is called in. He brings a little square raft on which he has placed incense sticks, rice and hen's eggs. He takes an egg, rolls it over the body of the sick person and puts it back on the raft which he then puts in the water or at some cross roads. Sometimes the raft is replaced by a basket which contains in addition to the offerings a crude doll of straw with a paper face."" pg 202",Adult,NA,NA,NA,Yes,Sinew,Magic,Protection,,,,Adult,,,," (1952) Traditions and customs of the Khmer
Section: CHAPTER SIX
By: Porée, Guy,",
Haitians,Carribean,"""Though they will continue to function as a sosyete during the remainder of the year, the festivities are no more. In continuing, Benwa explained that the same doll can be called on to help regulate problems within the group: It is that same serès [they use] when a member “eats” the mardigra's money all by himself…. They have a Vodou ceremony in the same way they do as when they're calling the other lwa-s. They call on the serès, and send her into the head of the person who stole the money. She enters the person's head. All day long, the rhythms of the madigra will be playing in that person's head. The person won't be able to think another thought. [She or he] is sure to go insane. They call that foli madigra [madigra madness]. That person might start dressing in madigra costumes and spend the rest of [his or her] life that way…. The [sosyete] rara do that, too. The crazy guy you see around Bòdlo and Bwamari, it was a rara's money he stole. Now he's always dressed “like a Jew,” wearing rara clothes. Of course, when the rara have their ceremonies, they do not call the doll serès; they have another name they call her."" pg 138",,,,,,,Magic,Punishment,,,,,,,," (2001) When the hands are many: community organization and social change in rural Haiti
Section: Sosyete Endyen Deslain
By: Smith, Jennie Marcelle ",
Haitians (2),Carribean,"""Little girls play with dolls made for them by the older children, while boys with sticks for horses organize themselves into “armies” with their seniors as officers. When a child's teeth fall out, a minor ceremony is performed."" pg 99",,,,,,,Play,,,Child,Girl,Child,,,," (1937) Life in a Haitian valley
Section: CHAPTER V BIRTH, CHILDHOOD, AND ADOLESCENCE
By: Herskovits, Melville J. (Melville Jean),",
Island Carib,Carribean,"""The Caribs have ugly little dolls of cotton, and it is said that the devil speaks to them through the doll's mouth. They throw them into the sea when they plan to take a sea journey and if they sink to the bottom it is a sign of storm and of risk. If they float on the water it is taken as certain prediction of fine weather."" pg 9",,,,,,Cotton,Magic,Protection,,,,Adult,,,," (1667) Concerning the natives of the Antilles
Section: Concerning the Religion of the Caribs
By: Du Tertre, Jean Baptiste, 1610-1687 ",
Island Carib (2),Carribean,"""For their children they make grotesque dolls out of it 1 1 [i.e., of gayac wood — Analyst] which are called mánlira, the same name as the wood. I have taken some of these dolls out from under rocks where they had been hidden by the savages who had been exterminated. The Caribs did not dare to look at these because of superstition. These dolls were just as beautiful as if they had been newly made. I believe this wood sinks to the bottom of water like a stone. 354"" pg 1",,,,,,Wood,Play,,,Child,,Adult,,,,"1665) Carib-French dictionary
Section: 1. Origins
By: Breton, Raymond,",
Kuna,Central America,"""‘Stick doll language’ is named for the overt addressees of the chants performed in curing rituals. These anthropomorphic figures, with hats and long noses, are made from various jungle trees; they represent the spirits of these trees. This linguistic variety is understood and used by the ‘stick dolls’; by the spirits of animals, plants, and objects; and by the ponikana , the evil spirits, which cause disease. It is used by ikar wismalat ( ikar knowers), who address the spirits directly in the chants they perform. ‘ Kantule language,’ named for the kantule (the director of girls’ puberty rites), is understood by the spirit of the flute to whom the kantule chants during the ritual."" pg 22",,,,,Yes,Wood,Magic,"Spirits, Protection",,,,Adult,,,," (1983) Kuna ways of speaking: an ethnographic perspective
Section: Kuna Linguistic Varieties and Other Languages
By: Sherzer, Joel",
Miskito,Central America,"""His Sumu confrère will send disease or death by mistreating or stabbing an object, usually a doll or puppet (M.: yapti; S.: ditalna ), made of white tunu bark, and supposed to represent the intended victim. SOme of these sorcerers are also said to transform themselves into a snake or jaguar and then harm their enemy."" pg 141",Adult,,,,,Wood,Magic,Punishment,,,,Adult,,,," (1932) Ethnographical survey of the Miskito and Sumu Indians of Honduras and Nicaragua
Section: MAGIC AND SORCERY: SUKYA, OKULI, SPIRITIST, OBEAH OR VOODOOISM
By: Conzemius, Eduard",
Miskito (2),Central America,"""Should it be absolutely necessary, however, to cut down a silk-cotton tree, the wrath of the spirits may be avoided by burying something at the foot of the tree in the shape of an offering, as food, red peppers, money, etc. When the tree has been felled, the object in question may be recovered. On Rio Lacus, a southern affluent of Rio Coco, a Sumu used for this purpose two small dolls or puppets (M.: yapti; S.: ditalna ), which he had obtained from the sukya. This procedure, which savors of African origin, is the only case of this sort which I have met among the Sumu, but the habit in question is common enough among the Miskito."" pg 129",,,,,,,Magic,Protection,,,,Adult,,,," (1932) Ethnographical survey of the Miskito and Sumu Indians of Honduras and Nicaragua
Section: RELIGION: SUPREME BEING, TRIBAL HEROES, SPIRITS, CREATION OF MAN, DELUGE, CHRISTIANIZATION
By: Conzemius, Eduard ",
Aymara,Central Andes,""" Thus little boys play at plowing or house building, while little girls “cook” with miniature pots and stoves, and play with dolls."" pg 165

""Imitation of adult activities is seen particularly when one watches little girls play with dolls. Some dolls may be played with all year round, but others, special ones, are taken out only on All Saints. All these dolls have names. The little girls play with them, swaddling and wrapping them, “nursing” them, carrying them in their shawls, and dancing them up and down on their laps. (We also saw a small boy of two playing with a doll on All Saints.)"" pg 27 Buechler",Infant,,,,,,Play,,,Child,Mixed,,,,," (1951) The Aymara of Chucuito, Peru: 1. Magic
Section: CHILDHOOD AND ADOLESCENCE
By: Tschopik, Harry Jr.",
Aymara (2),Central Andes,"""The doctor takes a little mannikin, gives it the name of the loco [i.e., the patient] and then performs magic so that the absent soul will return and come into the doll. Then the doll is put in bed with the sick person, and the soul is exorcized to return into the body it had left. 5 La Barre, 1948, 222-223. This rite is also described for the Bolivian Aymara. Paredes, 1936, 116-117."" pg 283",,,,,,,Magic,Protection (Healing),,,,Adult,,,," (1951) The Aymara of Chucuito, Peru: 1. Magic
Section: curing and counter-sorcery
By: Tschopik, Harry Jr. ",
Aymara (3),Central Andes,"""Sometimes the new owner of the house dances with a crude doll of straw called a[unknown]cuqa[unknown]la worn on the back; this may be a ritual to bring children to the newly-weds. "" pg 186",,,,,,Straw,Magic,Fertility,,,,,,,," (1948) The Aymara Indians of the Lake Titicaca Plateau
Section: HOUSE MAGIC
By: La Barre, Weston",
Aymara (4),Central Andes,"""Other ceramics include the dolls, little llamas and sheep, little houses, etc. which are made for Christmas Eve to be kept in the house (Callapa) or buried in the earth afterward (Corocoro) to bring good luck. The good-luck god eq[unknown]eq[unknown]o , a ceramic doll dressed like an Aymara and loaded with all manner of provisions, is a variant of this."" pg 101",,,Yes,,,Ceramic,Magic,Spirits,,,,,,,," (1948) The Aymara Indians of the Lake Titicaca Plateau
Section: POTTERY
By: La Barre, Weston",
Mapuche,Central Andes,"""Girls prefer to play with dolls fashioned of cane or bamboo into human shape, puñeñkantu. They take care of them as if they were babies, dressing and undressing them, and occasionally pretending to hold curing rites over them because they are supposed to be ill."" pg 90",Infants,,Yes,,,,Play,,Caregiving,Child,Girl,,,,," (1951) Araucanian culture in transition
Section: INFANCY
By: Titiev, Misch",
Aztec,Central Mexico,"""It is said at this time: if some already grown person still persists in childishness, if one already a youth still digs holes with stones or shows great curiosity, and if one already a maiden still carries her dolls with her, still makes mud pies, this one glories in childishness."" pg 222",,,,,,,Play,,,,Girl,,,,," (1969) General history of the things of New Spain: Florentine codex: book 6 -- rhetoric and moral philosophy
Section: HE GLORIETH IN CHILDISHNESS
By: Sahagún, Bernadino de",
Popoluca,Central Mexico,"""Childhood Notes . Dolls are made of wood, roughly carved. Children play together until the age of ten, after which they are separated"" pg 17",,,,,,Wood,Play,,,Child,,,,,," (1940) Notes on the Popoluca of Veracruz
Section: Social Life
By: Foster, George M. (George McClelland)",
Central Thai,Southeast Asia,""" For example, four households always go to a monk at Wat Samkha, three kilometres away. He is a specialist in curing boils and children with bloated stomachs, and uses “sympathetic” magic. His method is first to make an image of the person in mud while reciting a Pali incantation. He gives the doll the name of the patient, then pricks or applies fire to the doll in the corresponding place of the pain in the patient. The doll is then allowed to rest for three days. On the patient's wound, the doctor then puts lime paste and utters another Pali incantation. He tells the patient to come back in three days. If the patient is better, he throws the doll into the canal; if not, he again applies fire to the doll and waits another three-day period."" pg 181",Adult,NA,NA,NA,NA,Mud,Magic,Protection,,,,Adult,,,," (1960) Bangkhuad: a community study in Thailand
Section: Preventive Medicine
By: Kaufman, Howard Keva, ",
Central Thai (2),Southeast Asia,"""Thamkhwanjung or Rabkhwanjung: These are titles used when calling the spirit of the Rice Goddess ( Maephosob ) into the house, a ritual that always takes place in an even-numbered month, after the threshing has been completed. It must occur before the paddy can be placed in the storage bins or sold to the Chinese. As with the chalew (see Page 206), an elderly female member of the household performs the ritual. She goes out into the field which offered the best yield, taking with her a large white cloth, a small colored cloth, three khryangbucha, and several small colored flags. In the field, she makes a small doll out of rice stubble. The joss-sticks and candles are lit and placed in the ground. The doll is wrapped in the small colored cloth. Maephosob is then invoked to attend the ritual. The incantation used, in rough abridged translation, is:"" pg 202",Adult,NA,NA,NA,NA,Straw,Magic,Spirits,,,,Adult,Woman,,,"1960) Bangkhuad: a community study in Thailand
Section: Predominantly Animistic Rituals
By: Kaufman, Howard Keva",
Central Thai (3),Southeast Asia,""". For example, one day I found two small bottles containing tiny dolls floating in some liquid hidden in the house of a friend whom I was helping to move. I learned that this item was associated with love magic only after asking an older woman in my neighborhood. Because of the extreme sensitivity of the subject, it is difficult to study through standard, direct techniques. "" pg 1",Adult,NA,NA,NA,NA,,Magic,Love,,,,,,,," (1979) The socio-cultural setting of love magic in central Thailand
Section: INTRODUCTION
By: Somchintana Thongthew-Ratarasarn ",
Chuckchee,North Asia,"""“The girls of the Chukchee have small lamps and dishes, and dolls of various sizes (Fig. 198, a, b), sometimes almost as big as a very small baby. The dolls have clothes that are carefully made, and represent grown persons and children of both sexes. The favorite one is that representing a small infant wearing a diaper and babyclothes. Some of the dolls pass by inheritance from generation to generation. They are even supposed to be connected with the fecundity of women.”"" pg 276","Infant, Adult",NA,Yes,NA,NA,NA,Play & Magic,Fertility,Caregiving,Child,Girl,Adult,,,," (1904) The Chukchee: material culture [part 1], religion [part 2], social organization [part 3]
Section: “NOR TH OF INDIAN POINT....
By: Bogoraz-Tan, Vladimir Germanovich (Bogoras, Waldemar)",
Russians,Eastern Europe,":The motifs of agrarian magic in Rusalia week are sounded with particular power. With Trinity Day was connected the custom, which in its time was widely diffused throughout the country, of decorating the houses with fresh green branches, especially those of birch trees. According to the idea of the peasants, in these birch trees there dwelt the souls of deceased relatives. They decorated a birch tree with ribbons, walked with it through the countryside, and sang special songs in honor of it. Sometimes such a birch tree bore the name of the Rusalka (Undine) itself; sometimes one of the girls represented the Rusalka ; sometimes, as at Shrovetide, a doll was made of cloth or straw."" pg 192",,,,,,"Cloth, Straw",Magic,Spirits,,,,,,,," (1950) Russian folklore
Section: CEREMONIAL POETRY CONNECTED WITH THE CALENDAR
By: Sokolov, I︠U︡. M. (I︠U︡riĭ Matveevich),",
Russians,Eastern Europe,"""“The next moment [the little girl] had made herself comfortable in the middle of the rug, and all the toys had turned into bricks for a house for Ninka, the doll she had brought from town. It was a much more sensible and settled home than any of the temporary lodgings in other people's houses where she had spent most of her life."" pg 193",,,,,,,Play,,,Child,Girl,,,,," (1963) The Soviet family
Section: CHAPTER 9: Comrade Husband, Comrade Wife
By: Mace, D. R. (David Robert) ",
Canela,Eastern South America,"""Little girls play with dolls, which were made by their fathers and used to be simple lengths of the balsa-like stem of a buriti frond. Girl dolls had little wax breasts and small belts of tucum cords, which identified their sex, but boy dolls had no distinguishing features (Nimuendajú, 1946, pl. 23 i–k ). This kind of home-made doll was replaced by more realistic plastic ones, and other kinds of toys, bought in Barra do Corda in the 1950s and later."" pg 140",,,,,,,Play,,,Child,Girl,Adult,Man,,," (1990) The Canela (Eastern Timbira), I: an ethnographic introduction
Section: [II.F.3.a] INDIVIDUAL GAMES AND TOYS
By: Crocker, William H. (William Henry) ",
Guarani,Eastern South America,"""Animal figures and dolls, such as are shown on Plate I, were, and sometimes still are, made as toys. Older children model for themselves animal figures out of wax, which show the same style as the carvings. -- The artfully shaped clay pipes for smoking, such as the Cainguá in Plate I a) Monkey from the side; b) human figure (woman); c) armadillo; d) monkey from the front; e) wild pig. "" pg 6",,,,,,,Play,,,Child,,,,,,"1956) Contribution on the culture of the Cayua
Section: III. Art and Music.
By: Hanke, Wanda",
Xavante,Eastern South America,"""Dancing is, in the same way, primarily a masculine activity and so the girls go off to have a frolic in the water and play with their gourds (which they use both as dippers and as dolls), leaving the boys to the stamping and grunting that go with Shavante dances."" pg 72",,,,,,Gourd,Play,,,Child,Girl,,,,," (1967) Akwẽ-Shavante society
Section: 3. CHILDHOOD
By: Maybury-Lewis, David",
Eastern Toraja,Southeast Asia,"""A doll made of pisang trunk, arèn /areng/ fiber, or wood, which is offered to a tree spirit or an earth spirit in order to cure a sick person, is identified with this person by winding a head hair from this person around it, through which the wrong that the sick person might have done is transferred to the doll. In the same way the stain of incestuous persons is removed by driving it away with a hair from them."" pg 631",Adult,NA,NA,NA,NA,Wood,Magic,Protection,,,,Adult,,,," (1950) The Bare'e-speaking Toradja of central Celebes (the East Toradja): first volume
Section: 10. Head hair as scapegoat.
By: Adriani, Nicolaus,",
Eastern Toraja (2),Southeast Asia,"""At the motengke dolls are made out of the bones, as has already been said; these are clothed with costly material. Much work is made of the bones of women in particular: necklaces and beads are hung around the neck; numerous copper bracelets ( tinamapa ) shine on the arms. A wooden mask is tied in front of the doll’s head. "" pg 784",Adult,NA,NA,NA,NA,Bone,,Funeral,,,,Adult,,,," (1951) The Bare'e-speaking Toradja of central Celebes (the East Toradja): second volume
Section: 60. The placing of the packets of bones. The death mask (pemia).
By: Adriani, Nicolaus,",
Huron/Wendat,Eastern Woodlands,"Their medicines could not be recognized or their secret discovered if they were to be successful, and took “pleasure, so to speak, in silence and darkness.” The ceremony was given because he asked for oatarra , a little idol in the form of a doll, from a dozen sorcerers who had come to see him in order to be cured; after he put it into his tobacco pouch, it began to stir inside, and ordered the feasts and other ceremonies of the dance (JR 10: 199–209). 92 92 The description of this ceremony suggests the Midewiwin ceremonies of the various Upper Great Lakes Indians (Kinietz 1940: 160). One of the distinguishing characteristics of the Midé Society ritual is that the members of the society are magically killed and revived. Initiation into the society for curing purposes is not a distinctive trait: initiation into the various Iroquois medicine societies, and into similar societies in other Indian cultures is often part of the curing procedure of that society. Although dolls may figure in various ceremonies (as, for example, in the Idos Society ritual, Parker 1909: 172), a doll does figure in the Midé ritual (see Dockstader 1961: pl. 225 for a doll that formed part of a Saulteux Midé Society headman's bundle). "" pg 97",,,,,,,Magic,Protection,,,,,,,," (1964) An ethnography of the Huron Indians, 1615-1649
Section: ACQUISITION OF POWER
By: Tooker, Elisabeth ",
Fellahin,Northern Africa,"""The girls have rag dolls to play with, but more often, up to the age of about twelve, they join with the boys in both work and play. Occasionally, from the age of eight until they get married, they go into service in middle-class homes."" pg 124",NA,NA,NA,NA,NA,Cloth,Play,,NA,Child,Girl,,,,," (1945) The Fellaheen
Section: CHAPTER VII THE FELLAH AT HOME
By: Ayrout, Henry Habib ",
Fellahin (2),Northern Africa,"""Harvest is always accompanied by symbolic acts. Before reaping begins, the best ears are taken and plaited into a kind of doll called the ‘Bride of the Corn’, which is hung up in the house to bring good luck during the ensuing year. "" pg 126",NA,NA,NA,NA,NA,Corn,Magic,Protection,,,,,,,," (1945) The Fellaheen
Section: CHAPTER VII THE FELLAH AT HOME
By: Ayrout, Henry Habib ",
Fellahin (3),Northern Africa,"""The wife makes two dolls, one representing herself, and another the bridegroom. Only female friends and relatives are invited and the doll bride and bridegroom are tucked up in bed. This is supposed to relieve the wife from the first marriage shock which may have caused her inability to conceive."" pg 89",Adult,Man and Woman,NA,NA,NA,NA,Magic,Fertility,,Adult,Woman,Adult,Woman,,," (1954) Growing up in an Egyptian village: Silwa, Province of Aswan
Section: Chapter Four BIRTH, INFANCY AND EARLY TRAINING
By: 'Ammār, Ḥāmid ",
Fellahin (4),Northern Africa,"""A very popular play situation with girls is the representation of some of the adult female occupations and ceremonies. This would involve making straw figures, bedecked in bits of cloth as men or women and children, and with the help of stones, building a house. 1 1 By the time they reach adolescence girls are expected to have made a sufficient number of dolls to be used as a decoration for their marital homes. All the details of an event or ritual are played out in a make-believe way. Thus marriage, circumcision, cooking, and social meetings are all imitated"" pg 154",NA,NA,Yes,NA,NA,"Straw, Cloth",Play,,Caregiving,Child,Girl,Child,Girl,,," (1954) Growing up in an Egyptian village: Silwa, Province of Aswan
Section: Chapter Four BIRTH, INFANCY AND EARLY TRAINING
By: 'Ammār, Ḥāmid ",
Fon,Western Africa,"""A Dahomean twin. Note the doll carried by this child, the image of its deceased twin."" pg 273",NA,NA,NA,NA,NA,Wood,Magic,,,Child,Boy,Adult,NA,,,"Herskovits, Melville J. (Melville Jean), 1895-1963
Dahomey, an ancient West African kingdom: volume 1",
Fon (2),Western Africa,"""A few children were about, playing with dolls or engaging in a form of “tag,” but other than the palm-fronds over the paths and the remains of sacrifices, there were no indications that anything unusual was about to occur here"" pg 222",NA,NA,NA,NA,NA,NA,Play,,,Child,NA,NA,NA,,,"Herskovits, Melville J. (Melville Jean), 1895-1963
Dahomey, an ancient West African kingdom: volume 1",
Ganda,Eastern Africa,"""Manufactured toys were very rare. Four babies had toys of their own—respectively, a string of celluloid beads, a toy cat, a ball, and a doll—and the younger twins liked to play with their sister’s doll. The mothers of Nora and Kulistina could have afforded to buy toys, but they had none, and said that the toys which had belonged to the older children were all broken. There were playthings, however: small tins, often with stones inside of them to rattle; empty spools which had held thread or adhesive tape; household objects picked up by the baby, such as a comb, a bottle, and bottle caps; and fruits, berries, sticks, and flowers."" pg 94",NA,NA,NA,NA,NA,NA,Play,,NA,Child,Girl,NA,NA,,,"(1967) Infancy in Uganda: infant care and the growth of love
Section: Cuddling, Play, and Affectionate Display
By: Ainsworth, Mary D. (Salter)",
Ganda (2),Eastern Africa,"""Wherever there is a school there is football, and boys are never tired of kicking a ball about at odd moments. Elsewhere both boys and girls build play-houses by bending down the elephant-grass canes and tying them together, sometimes even making a framework of cut canes and spreading grass over it. (See Plate II.) Boys also construct go-carts of wood, with scooped-out pawpaws for wheels. (See Plate III.) They play a variant of noughts and crosses with stones on a “board” drawn on the ground with a stick, and another game is to spin two plum-stones on a leaf and see which knocks the other off. I once saw a boy making mud dolls. I have never seen children spontaneously enacting the representations of folk-tales, or playing the singing games, which are encouraged in schools as traditional; but this does not mean that they are not so. They certainly love any kind of mimicry, whether of notable village characters, animals, or dramatic scenes such as a fight between two warriors."" pg 26",NA,NA,NA,NA,NA,Mud,Play,,NA,Child,Boy,Child,Boy,,,"(1934) An African people in the twentieth century
Section: AMUSEMENTS
By: Mair, Lucy Philip",
Gikuyu,Eastern Africa,"""In one instance a male doll, roughly modelled in clay, was brought out and exhibited, but no particular sanctity seemed to attach to it."" pg 160 ",NA,Man,NA,NA,NA,Clay,Display,NA,,NA,NA,NA,NA,,,"(1910) With a prehistoric people, the Akikuyu of British East Africa: being some account of the method of life and mode of thought found existent amongst a nation on its first contact with European civilisation
Section: THE CEREMONIES ON INITIATION INTO THE TRIBE
By: Routledge, W. Scoresby (William Scoresby)",
Gond,South Asia,"""The methods of the Muria warlock are not unlike those practised elsewhere in India and indeed throughout the world. The warlock makes a grass doll to represent his enemy and buries it with the head of a chick. 1 1 This is the invultuacio of the ancient world, the image-magic common in all ages and all places. This will soon cause his enemy's burial."" pg 203",Adult,NA,NA,NA,NA,Grass,Magic,Punishment,,,,Adult,Man,,," (1947) The Muria and their ghotul
Section: VII. WHITE AND BLACK MAGIC
By: Elwin, Verrier",
Gond (2),South Asia,"""The children make little propellers with leaves and allow the wind to spin them round. They make all sorts of dolls with mud and clay and decorate them with their ornaments. At the Hindu Nawa festival, which is generally observed throughout Bastar, the potters make toy grindstones, bullocks, horses, earthen wheels to be attached to little carts, cooking-pots and tiny hearths. After the children have played with these for a few days, those that remain unbroken are sometimes put on the roof of the cattle-shed. The children, however, are not dependent on the potters and like making mud-pies and dolls with earth mixed in their own urine. But generally the small children share the games of their elders, nor is there any taboo or bar on their doing so."" pg 556",NA,NA,Yes,NA,NA,"Mud, Clay",Play,,NA,Child,NA,Child,NA,,," (1947) The Muria and their ghotul
Section: II. GAMES OF LITTLE CHILDREN
By: Elwin, Verrier, ",
Hadza,Eastern Africa,"""Young girls play with dolls made out of clay or pieces of old cloth."" pg 66",NA,NA,NA,NA,NA,"Clay, Cloth",Play,,NA,Child,Girl,NA,NA,,,"(2010) The Hadza: hunter-gatherers of Tanzania
Section: LEISURE, RECREATION, AND THE NONMATERIAL ARTS
By: Marlowe, Frank, 1954-",
Hausa,Western Africa,"""A. Children’s Games...3) Bikin ’yar tsana (celebration of the dolls). Girls act out the rites of marriage for their doll"" pg 12",NA,NA,NA,NA,NA,NA,Play,,NA,Child,Girl,NA,NA,,," (1984) Hausa theatre in Niger: a contemporary oral art
Section: Traditional Theatre
By: Beik, Janet",
Iban,Southeast Asia,"""4. “Betanam Pentik,” “Planting a Pentik.” A “Pentik,” is a piece of wood very roughly carved into the figure of a man, a sort of rude doll, which is stuck into the ground at the foot of the ladder of the house with the object of divining the fate of the sick man. It is inserted into the ground in the evening; and if it remains till the morning in a straight position, well and good, recovery is certain; but if it be inclined either to the right or left, it is an omen of death."" pg 97",,NA,NA,NA,NA,Wood,Magic,Protection,,,,Adult,,,," (1887) Manangism in Borneo
Section: MANANGISM IN BORNEO.
By: Perham, John ",
Iban (2),Southeast Asia,"""Dyak children have not many toys. Little girls are sometimes seen with rudely carved wooden dolls, and little boys play with models of boats. The boys are fond of spinning-tops, which they make for themselves."" pg 103",,NA,NA,NA,NA,Wood,Play,,,Child,Girl,,,,," (1911) Seventeen years among the Sea Dyaks of Borneo: a record of intimate association with the natives of the Bornean jungles
Section: CHAPTER VII CHILD-BIRTH AND CHILDREN
By: Gomes, Edwin H",
Igbo,Western Africa,"""Next, the female dibia would either make or buy a wooden doll and paint it with red paint, ushe. This doll was put in a straw basket and given to the bride to care for as if it were her child...From the ceremonial return to her marital home, the young bride would be treated as a full adult woman and dressed as such. This was symbolized by tying the wrapper.* She was expected to hang the little bag containing the painted doll on her wrist, and carry it wherever she went, even to the market. On her way to the market, other women seeing the bag would ask to see her baby; she would then bring out the doll and give it to them. The women would take the doll and rub off some of the red paint on to their own bellies, while they told the young wife how pretty her baby was; then they would give the doll back to her with some money for the baby, ego nwa.

This went on until the young wife had a real baby and could pet it rather than the doll; she would then take the doll off her wrist. Some women were believed to have kept their doll till they had had three or four children; it was thought that the doll then disappeared by itself."" pg 75",Infant,NA,NA,NA,NA,NA,Play & Magic,Fertility,Caregiving,"Child, Adult",Girl,Adult,Woman,,," (1987) Male daughters, female husbands: gender and sex in an African society
Section: Birth
By: Amadiume, Ifi",
Javanese,Southeast Asia,"""However, there is a well-known “game” in which a bamboo doll called jaelangkung is placed in a cemetery overnight. Then one may use the doll to evoke spirits, even those long dead. A piece of chalk is attached to the doll which is held while it writes answers to questions upon a blackboard. The descendants of a person who is deceased may periodically visit the grave of their ancestor to request a blessing."" pg 600",,,,,NA,Wood,Magic,Spirits,,,,,,,," (1978) Folk psychology of the Javanese of Ponorogo
Section: Communication
By: Weiss, Jerome ",
Javanese (2),Southeast Asia,"""The most common magical technique used to practise sorcery on people is the performance of acts of imitative magic in which objects that symbolize the victim (usually dolls) are destroyed. Magical spells and curses that express the wish of terrible misfortune for the victim are frequently used"" pg 419",,,,,NA,,Magic,Punishment,,,,,,,," (1985) Javanese culture
Section: DESTRUCTIVE MAGIC AND SORCERY
By: Koentjaraningrat",
Javanese (3),Southeast Asia,"""Girls continue the habit of quiet solitary play—with dolls or with miniature market stands with wares cleverly made out of scraps. Boys go through fads: kite-flying, marbles, rounders (usually organized by the school), and an assortment of other games. Although some of the games are competitive in form, rules are vague and never argued about, and no one plays for keeps."" pg 117",,,,,,,Play,,,Child,Girl,,,,," (1961) The Javanese family: a study of kinship and socialization
Section: Teaching and Enforcing Mature Behavior
By: Geertz, Hildred ",
Korea,East Asia,"""“Hide-and-seek and blind-man's-buff are common, and little girls go about with wooden or rag dolls strapped to their backs like true babies. Jack-stones, fox-and-geese, cat's cradle and other juvenile games are also played."" pg 280",Infant,NA,NA,NA,NA,"Wood, Cloth",Play,,Caregiving,Child,Girl,NA,NA,,," (1906) The passing of Korea
Section: Untitled Section
By: Hulbert, Homer B",
Korea (2),East Asia,"""Rude straw dolls stuffed with a few cash were also thrown into the street. This effigy is believed to take away troubles and foist them on whoever picks it up. To prevent such a vicarious calamity, more than one mother on that evening pounced upon a child who childlike had picked up the doll and threw it far from him"" pg 265",NA,NA,NA,NA,NA,NA,Magic,Protection,,,,Adult,,,," (1898) Korea and her neighbors
Section: CHAPTER XXII A TRANSITION STAGE
By: Bishop, Isabella Bird",
Lozi,Southern Africa,"""Fig. 4. Figures representing familiar spirits (iii); linkalankala a. Badly worn figure carrying a hoe or axe on the left shoulder b. A most unusual figure consisting of a length of reed, covered by a sleeve of twisted bark strip, resembling crochet work. The hair is human (African) and the face is of beeswax with lucky beans impressed for eyes. The cape and skirt are of strips of bark c. Mashi likishi figure; the detachable mask is of cloth sewn to a frame of small sticks and the beard is of sisal. The mask is set on a wooden stem, wrapped with snake skin. Two sikuyeti sticks are attached d. Linkalankala"" pg 31",Adult,NA,Yes,Yes,Yes,"Wood, Cloth",Magic,Spirits,,NA,NA,Adult,NA,,," (1963) Magic, divination and witchcraft among the Barotse of Northern Rhodesia
Section: Familiars in Human Shape
By: Reynolds, Barrie",
Luguru,Eastern Africa,"""She may be given a doll, mwana wa nhiti —literally a child of tree, or mwana sesere —a gourd doll, literally, it would seem, a hollow child, to hang on her bed, and on which she has to lavish attention. The dolls plainly symbolize male and female elements, though the former is more male and the latter more female. The mwana wa nhiti is made from the mkong'ho tree, a very tall tree associated with male ancestors; the mwana sesere is made from a gourd filled with seeds. Von Waldow, describing the neighboring Zaramo in 1935, reported that the care of the dolls was described as tambiko , the term used to describe sacrificial rites to the ancestors, mitsimu , and that if the girl after her marriage failed to conceive or had a stillborn child, the cause was ascribed to lack of attention to this tambiko , and she could be returned to seclusion again for a 2–9 month period. "" pg  179",NA,NA,NA,NA,NA,Gourd,Play & Magic,Fertility,Caregiving,Child,Girl,NA,NA,,,"(1978) Symbolic rebirth: the ""Mwali"" rite among the Luguru of eastern Tanzania
Section: SECLUSION
By: Brain, James Lewton",
Luguru (2),Eastern Africa,"""She was also convinced that she was now capable of conception and she was taught to make a beautiful doll from pottery clay. She played with this doll and even talked to her convincing herself that it was her own baby. This doll had a great psychological impact on her maternal instincts and she longed to have her own natural baby. She learnt that it was important to bear children when one was still young and strong"" pg 12",Infant,NA,NA,NA,NA,Clay,Play,,Caregiving,Child,Girl,Child,Girl,,,"(2001) Female adolescent rites and the reproductive health of young women in Morogoro Tanzania
Section: The ‘mwali’ initiation rite
By: Hamdani, Salha",
Maasai,Eastern Africa,"""Childhood. Games .--Little girls sometimes play with dolls. These are made crudely by their mothers of mud, which then dries. I have seen a little girl dressing her doll with a bit of cloth, giving it milk from a tiny gourd, suckling it at her breast and rocking it to sleep, just as a European child might do. The Masai name for a doll is En-gerai c c-sarng'ap , which means child of mud"" pg ",Infant,NA,Yes,NA,NA,Mud,Play,,Caregiving,Child,Girl,Adult,Woman,,,"(1930) Further notes on the Masai of Kenya Colony
Section: Preface.
By: Fox, D. Storrs",
Malays,Southeast Asia,"""In Upper Perak a curious ceremony precedes the usual lustration in the seventh month of a first pregnancy. A palm-blossom ( mayang pinang mungkus ) is wrapped up to represent a baby, with a brooch ( agok ) on the bosom. This doll is put on a tray and hung adorned with flowers in a cradle, made of 3, 5 or 7 layers of cloth according to the rank of the parents. The midwife and Pawang sprinkle rice-paste on doll and cradle; and the midwife rocks the cradle, crooning Malay quatrains. The doll is then handed by the midwife to the future father, his wife and all the relatives in turn to nurse. Finally the doll is put back into the cradle and left there till the next day, when it is broken up and thrown into water."" pg 65",Infant,,Yes,,,,Magic,"Fertility, Protection",,,,,,,," (1920) Life and customs: the incidents of Malay life
Section: A. PERAK BIRTH CUSTOMS
By: Wilkinson, R. J. (Richard James)",
Malays (2),Southeast Asia,"""Sometimes the model house is imagined as a grand big building. They decorate it with flowers, and if it is too small to hold a child they make use of it in another way. Its completion is nearly always followed by a marriage between two dolls. This celebration is entrusted to little girls, who manufacture the dolls themselves from rags and cotton. They imitate the way in which a real bridegroom is escorted, and go so far as to beat drums and gongs and fire crackers. The house is then assigned to the married dolls, which are represented as being the children of members of the party."" pg 21",,,,,,Cloth,Play,Marriage,,Child,Girl,Child,Girl,,," (1925) Life and customs: Malay amusements
Section: CHILDREN'S GAMES.
By: Wilkinson, R. J. (Richard James",
Manchu,East Asia,"""The toys usually represent the utensils and generally the things with which the children will deal when they will grow adult. The boys have different kinds of weapons: bow and arrow, knives, and so on; the girls have cradles, dolls and so forth. For the children who have not attained their second year the Manchus manufacture different kinds of rattle-boxes usually made of willow."" pg 122",NA,NA,NA,NA,NA,NA,Play,,Caregiving,Child,Girl,NA,NA,,," (1924) Social organization of the Manchus: A study of the Manchu clan organization
Section: CHAPTER IV.
By: Shirokogorov, S. M. (Sergeĭ Mikhaĭlovich)",
Mara,South Asia,""" The little girls are very fond of dolls, which they call maitanong. The dolls are made of clay. Their hair consists of black thread. They are dressed up as men and women, and their hair is arranged accordingly. The mode of play is similar to that of their little sisters in other parts of the world. There are regular families of dolls with their children. Marriages are arranged, and the price is paid in gongs and bell-metal basins made of clay. Mothers and fathers put their doll children to sleep and watch over them when sick, and generally make believe that the dolls are real people."" pg 186",Adult,Male and Female,Yes,Yes,NA,Clay,Play,,NA,Child,Girl,,,,," (1932) The Lakhers
Section: Games.
By: Parry, N. E. (Neville Edward),",
Yapese,Micronesia,"""The girls use the fragrant involucre of the Cycas as dolls, which, with a piece of areca leaf-sheath as swaddling clothes, they put into a small u □ (basket)...203 Boys also seem to play with dolls; at least the “ līos ” shown in Fig. 297"" pg 346",,,,,,"Leaves, Wood",Play,,,Child,,,,,," (1917) Yap
Section: 4. Miscellaneous Games
By: Müller, Wilhelm ",
Kurds,Middle East,"""There are many miscellaneous beliefs to be recorded in the town, some with obvious religious charaoter and others not. As in the case of folktales, further investigation, partioularly among the villages, might provide a large body of variant beliefs and practices. Several of the outstanding examples will suffice, for the purpose of this study, to illustrate the general character. When there has been a drought which has assumed alarming proportions, the towns-people and villagers make processions out into the country-side to sacrifice one or more sheep. If they encounter a stream on their way, one of their number is good-naturedly thrown into it. At the same time, children make simple dolls of cloth and go from house to house. The inhabitants of each dwelling give them a small sum and pour a little water over the dolls. Another custom is to empty a basin of water on the ground after the departure of a traveler. Browne noticed this as he was leaving Tehran: . . . as I mounted amidst many good wishes for my journey I heard the splash of water as it was thrown after me. What the origin of this curious ceremony may be I do not know, neither did I see it practiced on any other occasion. 1 Browne, 1893, p. 174."" pg 329",,,,,,Cloth,Magic,Protection,,,,Child,,,," (1953) Rowanduz: a Kurdish administrative and mercantile center
Section: CHAPTER VII RELIGIOUS LIFE
By: Masters, William Murray",
Mongolia,Central Asia,"""If the children in a family tend to die, various rather extraordinary measures are taken to remedy the misfortune. Thus, in the Durbet tribe, when to a family so afflicted a new baby is born, one of the relatives steals the new arrival and for three days hides it under a kettle, uncovering the latter only when the baby is fed. At the same time the kidnapper leaves a doll made of grass with the parents of the baby. The parents, seemingly, take the doll for the body of their child, they weep bitterly, and then bury the doll. Thus do they seek to cheat the “Chitkur” (devil) and to make him look for victims somewhere else"" pg 129",Infant,NA,NA,NA,NA,Grass,Magic,Protection,,,,,,,," (1921) Contemporary Mongolia
Section: Family
By: Maiskii, I. M. (Ivan Mikhailovich)",
Mongolia (2),Central Asia,"""As a rule shamans received their calling from the onggod. The onggod were mostly local ancestral or tutelary spirits of which images were made: wooden figures or felt dolls which were hung up or embroidered into material."" pg 80",Adult,NA,Yes,NA,NA,"Wood, Cloth",Magic,,,,,Adult,,,," (2001) Mongolian nomadic society: a reconstruction of the 'medieval' history of Mongolia
Section: FEATURES OF MONGOLIAN TRIBAL ORGANISATION MONGOLIAN TRIBES AND THEIR RELATIONS
By: Bold, B. (Bat-Ochiryn)",
Nenets,North Asia,"""On the Kanin the women who are assisting bring the old woman of the tent a wooden doll resembling a woman, in order to ease the birth."" pg 103",Adult,NA,NA,NA,NA,Wood,Magic,"Protection, Fertility",,,,Adult,Woman,,," (1924) Sketch of a mythology of the Yurak Samoyed
Section: Holy Places and the Spirits that Inhabit Them
By: Lehtisalo, Toivo,",
Nenets (2),North Asia,"""The old woman of the earth of the Samoyed is obviously connected with the universally honored great birth-mother. The tundra Yurak make a wooden doll of her, resembling a human and dressed like a woman. The mother gives one of these to her daughter when the latter goes into the men's tent. It is supposed to be very unclean and is kept in the women's corner separate from the haehe. If we assume from this that the doll is reminiscent of ngytterma or the picture of the deceased sorcerer, we may say that at the same time it represents an ancestress. And indeed Veniamin says that at a birth the Samoyed bring out spirit images representing male (!) and female ancestors"" pg 102",Adult,NA,Yes,NA,NA,Wood,Magic,Spirits,,,,Adult,,,," (1924) Sketch of a mythology of the Yurak Samoyed
Section: Holy Places and the Spirits that Inhabit Them
By: Lehtisalo, Toivo,",
Nicobarese,South Asia,""" This good spirit is visible to the eyes of all beholders, but to the uninitiated he might seem to be a fairly well-made doll of leaves about four feet in height."" pg 156",Adult,NA,NA,NA,NA,Leaves,Magic,Spirits,,,,Adult,,,," (1924) In the Nicobar Islands: the record of a lengthy sojourn in islands of sunshine & palms amongst a people primitive in their habits & beliefs & simple in their manner of living, with a description of their customs & religious ceremonies & an accout of their superstitions, traditions, & folklore
Section: DRIVING THE EVIL SPIRITS OUT OF A VILLAGE
By: Whitehead, George",
Nivkh,North Asia,"""The building of a little grave house can be postponed, but the dressed stuffed doll — k:ak (1) 1. K:ak — wooden image of the deceased, a receptacle for his soul. must be made without fail. "" pg 443",Adult,NA,Yes,NA,NA,Wood,Magic,Spirits,,,,Adult,,,," (1933) The Gilyak, Orochi, Goldi, Negidal, Ainu: articles and materials
Section: VII. Religion
By: Shternberg, Lev IAkovlevich",
NIvkh (2),North Asia,"""This same wolf tendon is used in another way. When something is lost, they fashion a stuffed doll, like a man, out of a rotten piece of wood and place a seal bladder on its head. They bind its neck with a wolf tendon, and at night they walk around and knock in the corner of the first yurt, saying: “Pyz' nyngjá — look 304 cont. for your master!” And thus 305 they go around the entire village, meanwhile pulling on the tendon. Then the thief begins to suffocate from fright and confesses. A shout goes up; it happens that the thief dies from it."" pg 439",Adult,NA,Yes,NA,NA,Wood,Magic,Punishment,,,,Adult,,,,"1933) The Gilyak, Orochi, Goldi, Negidal, Ainu: articles and materials
Section: VI. The Family and the Clan
By: Shternberg, Lev IAkovlevich, ",
Kaska,North America,"Absent for play: Dolls did not constitute playthings.""",,,,,,,,,,,,,,,,,No data on sex
Huichol,Northwestern Mexico,"""“In the cave there is a stone doll (idol) about a foot high said to be an ancestor. 51 51 This ancestor is apparently the idol of Grandfather Fire. There is also a stick about three feet long and five or six inches in diameter. The novitiate scrapes a little off the stone idol 52 52 This idol must be that of the Fire god, because Lumholtz who saw it forty years ago says of this eating of it for sacred power: “But in its right side was a hole … owes its existence to the belief that the power of healing and the knowledge of mysterious things are acquired by eating a little of the god's holy body …” ( Unknown Mexico , II, 170.)"" pg 216",,,,,,Stone,Magic,Spirits,,,,Adult,,,," (1938) Report of the Mr. and Mrs. Henry Pfeiffer expedition for Huichol ethnography: the Huichols: primitive artists
Section: A. TECHNIQUES OF SORCERY
By: Zingg, Robert M. (Robert Mowry)",
Huichol,Northwestern Mexico,"""Dolls for the girls are carved of wood or stone by the fathers. In either material, these bear a striking resemblance in slanting foreheads and eye-slits to figurines from Archaic archaeology. The girls wrap these in cloth. They play quietly around the house with these or with the household appurtanences, often getting in the way in their attempts to help their mothers. "" pg 124",,,,,,"Wood, Stone",Play,,,Child,Girl,Adult,Man,,," (1938) Report of the Mr. and Mrs. Henry Pfeiffer expedition for Huichol ethnography: the Huichols: primitive artists
Section: D. HUICHOL CHILDHOOD
By: Zingg, Robert M. (Robert Mowry)",
Haida,Northwest Coast and California,"""We used to make our own dolls because there's no store here with dolls. The head was made of colored cloth and the eyes, nose, and mouth were embroidered on. We stuffed the head with rags or anything. When I started going to school the missionaries gave the kids Christmas presents, toys and things. They gave all the girls my age pretty wax dolls; we were so proud of the dolls."" pg 88",,,,,,Wax,Play,,,Child,Girl,,,,," (1982) During my time: Florence Edenshaw Davidson, a Haida woman
Section: CHAPTER 6: I Am Yet a Girl (1897–1909)
By: Blackman, Margaret B. ",
Haida (2),Northwest Coast and California,"""In order to bewitch individuals, sorcerers would secure spittle or feces (Curtis 1916: 138), pieces of clothing (Collison 1915: 112), or hair-combings (Swanton 1905a: 41) of the intended victim, and in acts of contagious magic, these were ritually manipulated in a secret place. Alternately, a “likeness” (= carving, doll) was made of the victim, and it was manipulated, and a curse was uttered (e.g. Swanton 1908: #83). Collison reported that the “medicine men,” who were his primary adversaries, had “succeeded in obtaining some articles of clothing belonging to me over which they had exhausted all their orgies in vain” (1915: 112)."" pg 193",Adult,,,,,,Magic,Punishment,,,,Adult,,,," (1988) The Curtain within: Haida social and mythical discourse
Section: OF MICE AND MEN
By: Boelscher, Marianne ",
Nuxalk,Northwest Coast and California,"""Some girls have crude wooden dolls, though elaborate figurines are reserved for use in kusiut dances."" pg 382",,,,,,,Play,,,Child,Girl,,,,," (1948) The Bella Coola Indians: volume two
Section: CHAPTER IV GAMES
By: McIlwraith, T. F. (Thomas Forsyth)",
Pomo,Northwest Coast and California,"""The girls made clay dolls"" pg 350",,,,,,Clay,Play,,,Child,Girl,,,,," (1952) Material aspects of Pomo culture
Section: CHILDREN'S GAMES AND TOYS
By: Barrett, S. A. (Samuel Alfred)",
Pomo (2),Northwest Coast and California,"""Dolls also used for pregnancy and for poisoning."" pg 326",,,,,,,Magic,"Fertility, Punishment",,,,,,,," (1952) Material aspects of Pomo culture
Section: GAMES
By: Barrett, S. A. (Samuel Alfred)",
Yokuts,Northwest Coast and California,"""Effigy-making. —The first two days of the week of the mourning ceremony (Monday and Tuesday) are devoted to the construction of the effigy dolls (woi 'doš). These are made by women, one image for each person mourned. The basis of the doll was a cross of wood, the upright staff of which was about 5 feet long, the horizontal about 2-1/2 feet tied on about 18 inches from the top. “It must be high but not too heavy to carry when dancing” (J.P.). In old times the covering of the frame, making a sort of solid body, was of fine tule matting, more recently of calico. If the effigy was of a woman, a little basket cap was put on the head."" pg 127",,,Yes,,,Wood,Magic,"Spirits, Funerary",,,,,,,," (1948) Yokuts and western Mono ethnography: vol. 1, Tulare Lake, Southern Valley, and Central Foothill Yokuts
Section: Ritual Weeping; Effigy-Making
By: Gayton, A. H. (Anna Hadwick)",
Yurok,Northwest Coast and California,"""The girls make dolls out of blue mud and put them into little cradle baskets; but they must not put two dolls together in one cradle—a prohibition probably originating in the Yurok's dislike for twins, who they think may have committed incest in utero. (To warn them, children are told that once long ago some people put two dolls in a basket and the ocean flooded the world.) The girls play cooking and feeding the dolls, using wild celery as food."" pg 289",Infant,,,,,Mud,Play,,Caregiving,Child,Girl,Child,Girl,,," (1943) Observations on the Yurok: childhood and world image
Section: 5
By: Erikson, Erik H. (Erik Homburger)",
Chachi,Northwestern South America,"""Dolls: /náwawa/. Dolls for children were scarce among the Cayapa of the Punta Venado section. Barrett briefly discusses dolls, and the impression received is that they were common. They were always made of a single block of wood, and were carved in both human and animal forms. No measurements are given, but they were very likely similar to the dolls of today, measuring usually twelve to thirteen inches in length and from three to four inches in width. They are most frequently carved out of Guayacan, an extremely hard wood. The one Guayacan doll in my possession is carved in two pieces. It is a seated figure, obviously of a white man, wearing a visored cap, a necktie cut in bas-relief, a jacket, breeches, and boots that are tinted reddish. He is seated in a two-legged chair which is sufficient since his own feet serve as the other two legs. The chair is fastened to the figure by two nails through the bottom, and five nails from the rear."" pg 18",,,Yes,,,Wood,Play,,,Child,,Adult,,,," (1965) The Cayapa: a study in legal behavior
Section: CHAPTER I THE CAYAPA, THEIR TERRITORY AND ECONOMY
By: Altschuler, Milton",
Goajiro,Northwestern South America,""" I used to like to play with clay dolls. I would pretend I was the mother with her children. Once I was so absorbed in my games I forgot about the time and got home late."" pg 52",,,,,,Clay,Play,,Caregiving,Child,Girl,,,,," (1968) Guajiro personality and urbanization
Section: 2. The Predominant Use of Object-oriented Disciplinary Techniques.
By: Watson, Lawrence Craig ",
Nyakyusa and Ngonde,Eastern Africa,"""though Nyakyusa girls mould stylized dolls out of clay almost identical with one shown for the Kisi in F."" pg 97",NA,NA,NA,NA,NA,Clay,Play,,NA,Child,Girl,Child,Girl,,," (1957) Rituals of kinship among the Nyakyusa
Section: ( a ) The events
By: Wilson, Monica Hunter ",
Belau,Oceania,"Absent: ""Little girls do not play with dolls; neither do they “play house.”""",,,,,,,,,,,,,,,,,Girls Only
Chuuk,Oceania,"Absent: ""A notable item of play, missing among the Trukese, is any form of doll.""",,,,,,,,,,,,,,,,,Girls Predominate
Manus,Oceania,"Absent: "" The younger women are more preoccupied with baby tending, which does not interest the little girls and in which their help is not enlisted. Little girls have no dolls and no pattern of playing with babies. """,,,,,,,,,,,,,,,,,
Samoan,Oceania,"Absent: Foreign dolls did not interest them, and they have no dolls of their own, although children of other islands weave dolls from the palm leaves from which Samoan children weave balls. """,,,,,,,,,,,,,,,,,
Trobriand,Oceania,"Absent : ""The children make all manner of quaint toys, drums, canoes, etc., but dolls are unknown. """,,,,,,,,,,,,,,,,,
Okayama,East Asia,"""Girls bounce balls, play jacks, jump rope, draw pictures, and play house with dolls. Elaborate and delicately constructed traditional dolls, kept in glass cases, are owned by households which can afford them, but they are for the visual enjoyment of girls only upon special occasions and may not be handled. Most girls have one or more durable dolls designed for everyday use, and those who have none may fold cushions to represent dolls. Infant boys also have dolls of traditional style but show little or no interest in them once they have begun to talk and associate with other children."" pg 663",NA,NA,NA,NA,NA,NA,Play,,Caregiving,Child,Girl,NA,NA,,,"(1956) Child training in a Japanese fishing community
Section: CHILD TRAINING IN A JAPANESE FISHING COMMUNITY
By: Norbeck, Edward,",
Ovimbundu,Southern Africa,"""The girl of this age has already been performing useful tasks for several years in helping to care for the younger siblings or younger cousins, but the eagerness with which a girl takes up the care of a younger child makes it evident that she considers that activity rather in the nature of play. If there is no baby for whom she is expected to be responsible, she may borrow one from a neighbour. It seems almost more natural for her to carry a baby than to carry a doll (made of an ear of maize). This she will do only if she lacks a baby."" pg 106",Infant,NA,NA,NA,NA,Corn,Play,,Caregiving,Child,Girl,Child,Girl,,," (1949) Umbundu kinship & character: being a description of social structure and individual development of the Ovimbundu of Angola, with observations concerning the bearing on the enterprise of Christian missions of certain phases of the life and culture described
Section: Later Childhood
By: Childs, Gladwyn Murray",
Comanche,Plains and Plateau,"""As soon as she was large enough to walk, the girl followed her mother everywhere about the camp. She imitated her in all things, playing at the tasks which her mother performed. She was given a doll, dressed usually in deer skin, which she took everywhere with her. She might be lucky enough to have a toy cradle and carry her doll on her back in the fashion of her mother. As she grew older, she learned to dress and undress her doll and to make for it the necessary articles of clothing."" pg 124",Infant,,Yes,,,Skin,Play,,Caregiving,Child,Girl,,,,," (1952) The Comanches: lords of the south Plains
Section: VI From Cradle to Grave
By: Wallace, Ernest ",
Gros Ventre,Plains and Plateau,"""He had an old-fashioned doll which he wrapped up like a sack-baby and, one night without letting her know what he was doing, he raised up the covers on his third wife's bed and put this doll under her. He did the same with the Assiniboine woman and said: ‘She will have a boy, too.’ As he had predicted, each bore him a son, and these two are the only children Crow Bull had. He later gave this doll to one of his niece's daughters, having ‘sterilized’ the doll first, however, so that the girl was not affected and subsequently gave birth to five children.”"" pg 130",,,,,,,Magic,Fertility,,,,,,,,"1953) The Gros Ventres of Montana: part 1, Social life
Section: CONCEPTION AND CONTRACEPTION
By: Flannery, Regina ",
Hidatsa,Plains and Plateau,"""While boys of 6 or 7 years of age were gaining proficiency in the use of bows and arrows, the girls would play “kick ball” or learn to sew clothing for their dolls. The women would encourage the little girls to care for their younger sisters and encourage the boys to protect and look after their younger brothers."" pg 131",,,Yes,,,,Play,,,Child,Girl,,,,," (1965) Hidatsa social and ceremonial organization
Section: TRAINING AND CEREMONIAL PARTICIPATION
By: Bowers, Alfred W",
Klamath,Plains and Plateau,"""One of the most important activities in which young girls engage is playing with dolls. 14 Dolls are described briefly by Spier, ibid. Through their use the girl is encouraged in many of her future activities of housekeeping. A few boys like to play with dolls too, but they are teased about this girlish activity and soon cease. It is the girl’s mother or grandmother who first shows her how to make dolls and play with them. They are fashioned from any available material; wood, bark, tules, and clay are all utilized. In lieu of anything better they may even be outlined in the sand. Once the technique has been learned, the girls manufacture their own dolls and play with them alone or in groups. They make little shelters of willow for the dolls, pretend to dig up roots for them, and in every way treat them as actual children. Often the dolls are placed on a piece of bark to represent the cradleboard. Apparently much of this play is spontaneous on the part of the girls, but there is also considerable suggestion and encouragement on the part of mother and grandmother."" pg 343",,,,,,"Clay, Wood",Play,,Caregiving,Child,Mixed,"Child, Adult","Girl, Woman",,," (1950) Klamath childhood and education
Section: EARLY CHILDHOOD
By: Pearsall, Marion,",
Kutenai,Plains and Plateau,"""The training of little girls was milder than that of their brothers. The child was given a toy cradle-board and a doll as soon as she could walk. She was encouraged to play all day with the doll so that she would understand child care and be of assistance to her mother when the next child came, and would be able to care for her own in proper time. Little girls were anything but despised and unwanted. They took a real burden from their mother's shoulders by caring for their infant siblings. A girl was supposed to be able to cook a very fair meal at the age of eight, receiving lavish praise from both her parents to encourage her in the learning process. So the time came in this process of “playing-house” when the little girl “realized all of a sudden that she could do anything.”"" pg 117",,,,,,,Play,,Caregiving,Child,Girl,,,,," (1941) Ethnography of the Kutenai
Section: CHILDHOOD AND YOUTH
By: Turney-High, Harry Holbert",
Kutenai (2),Plains and Plateau,"""There he sits before the doll, drumming, rattling, and singing to it for an indefinite length of time, sometimes as long as three months. During this time the Sun Dance Chief eats and sleeps as little as possible. Meanwhile the Sun Dance spirit enters the doll and talks to the chief and, when the proper time comes, tells the chief when to begin erecting the lodge."" pg 179",,,,,,,Magic,Spirits,,,,Adult,,,," (1941) Ethnography of the Kutenai
Section: THE SUN DANCE
By: Turney-High, Harry Holbert,",
Omaha,Plains and Plateau,"""hildren's games. —Children play in the mud, making lodges, etc.; hence the verb “□i'-gaxe,” to make (mud) lodges, to play as children do. The girls used to make dolls of sticks, and place them in small u¢uhe. Now, some of them make rag dolls."" pg 341",,,,,,"Wood, Cloth",Play,,,Child,Girl,,,,," (1884) Omaha sociology
Section: GAMES.
By: Dorsey, James Owen",
Marquesas,Polynesia,"""In religion these people are mere children; their morais are their baby houses, and their gods are their dolls. I have seen Gattanewa with all his sons, and many others, sitting for hours together clapping their hands and singing before a number of little wooden gods laid out in small houses erected for the occasion, and ornamented with strips of cloth. They were such houses as a child would have made, of about two feet long and eighteen inches high and no less than ten or twelve of them in a cluster, like a small village."" pg 166",,,,,,,Magic,Spirits,,,,,,,," (1923) The native culture in the Marquesas
Section: GODS OF FISHING AND RELIGIOUS RITES
By: Handy, E. S. Craighill (Edward Smith Craighill),",
Rural Irish,British Isles,"""At the beginning of this century, a destitute woman who lived alone used to go from door to door begging for food and carrying a large “Brigid's Doll” made of straw and dressed immaculately in white with a picture of the saint on its breast. Some of the folk pulled straw from the doll to manufacture their crosses. After the woman recited the following poem, she was presented with food in honor of the saint, for which she blessed each person in the household with the doll:"" pg 103",,,Yes,,,Straw,Magic,Protection,,,,Adult,,,,"1969) Inis Beag: isle of Ireland
Section: Christian and Pagan Reinterpretations
By: Messenger, John C. (John Cowan)",
San,Southern Africa,"""For example, although she was then sixteen years old, she spent hours each day playing dolls with three other girls, ten, nine, and seven years of age. From the bush-living groups I was well acquainted with five adolescent females (both married and unmarried, and approximately the age of !Uku), but I never observed any of them playing so continuously and with such absorption with children five or six years younger."" pg 98",NA,NA,NA,NA,NA,,Play,,NA,Child,Girl,NA,NA,,,"(1975) !Kung women: contrasts in sexual egalitarianism in foraging and sedentary contexts
Section: The Effect of Sedentism on Sex Egalitarianism
By: Draper, Patricia ",
San (2),Southern Africa,"""Megan Biesele has told me that she saw !Kung girls making dolls of wound strips of cloth in Botswana in 1972. Some of them were quite elaborate and fanciful. One, she says, had protuberant buttocks, abbreviated limbs, and a stylized grace reminiscent of the rock paintings supposed to have been made by Bushmen. As the group who had these dolls were in close contact with Tswana and Herero people and also had access to cloth, doll-making of this sort may well be very recent among !Kung children. I myself saw no such dolls in South West Africa; I observed no dolls made from any material."" pg 329",NA,NA,NA,NA,NA,Cloth,Play,,NA,Child,Girl,Child,Girl,,," (1976) The !Kung of Nyae Nyae
Section: Dolls
By: Marshall, Lorna",
Santal,South Asia,"""We have evidence at our disposal which shows that in a childrens’ play named “Sakam bàhu jamai” (Bride and bride-groom of leaves), marriages are staged between dolls made of leaves. "" pg 393",Adult,Male and Female,NA,NA,NA,Leaves,Play,,Marriage,Child,,,,,," (1962) The Santals
Section: The dawn of the instinct
By: Mukherjea, Charulal ",
Saami,Scandinavia,""" Little Marja, her six-year-old first child, was the image of her. Like a little mother she played with a doll that her father had cut out of wood and her mother's skilful needle had turned into a proper Karesuando Lapp. She was very shy and, when we came, crept into a corner of the hut and did not move."" pg 93",,,Yes,,,Wood,Play,,Caregiving,Child,Girl,Adult,"Man, Woman",,," (1938) Overland with the nomad Lapps
Section: CHAPTER XII LITTLE LAPPS GROW UP
By: Bernatzik, Hugo Adolf ",
Society,Culture Region,Description,Age of doll,Gender of doll,Clothes,Hair,Face,Materials,Use,Type of Magic,Type of Play,User age,User gender,Maker age,Maker gender,Age at alloparenting,Age at marriage,Source,Children Do Childcare
Somalia,Eastern Africa,"""The girls simulate household work; elongated stones are their dolls, which they wrap in old rags; they build their little huts with branches and use big leaves as mats; for goats and sheep they use two kinds of mountain shells."" pg 500",NA,NA,Yes,NA,NA,Stone,Play,,Caregiving,Child,Girl,Child,Girl,,," (1931) Somali games
Section: GAMES OF PRETENCE.
By: Marin, G. ",
Jivaro,South America,"Absent A girl approximately six years or older may have not only the above tasks, but also directly assists her mother in garden work of all kinds, including planting, weeding, and harvesting. When her mother is making pottery, she imitates her by making and firing miniature vessels and also may form and fire miniature dogs. No dolls in human form are produced, however. """,,,,,,,,,,,,,,,,,"Girls, no data on boys"
Siriono,South America,"Absent: ""“Strikingly enough, miniature bows and arrows for boys and spindles for girls are the only toys which the Siriono make for their children. There is a conspicuous lack of dolls, animal figures, puzzles, cradles, stilts, balls, string figures, etc., so commonly found in other primitive societies""",,,,,,,,,,,,,,,,,
Tehuelche,South America,"""Sánchez Labrador (1936, pp. 39–43, 46–49) mentions the following items as characteristic of the Pampa Indians in general: Target shooting with toy bolas as boys' play; dolls, jacks, and hop-scotch as girls' play;""",,,,,,,Play,,,Child,Girl,,,,,,
Tukano,South America,"Absent: ""We did not find characteristic objects of play for the girls, such as the dolls of the civilized. In any case, from an early age the children of the female sex are put to work, and they do not have much time for toys.""",,,,,,,,,,,,,,,,,
Basques,Southern Europe,""" Sex roles are obviously present; girls will never engage in war or burruka and dolls constitute their basic toys."" pg 79",,,,,,,Play,,,Child,Girl,,,,," (1988) Basque violence: metaphor and sacrament
Section: The Jolas Model
By: Zulaika, Joseba ",
Imperial Rome,Southern Europe,"""Preparations for marriage. The ceremony of betrothal over, it was time to think of the wedding outfit. Custom made it the father's place to purchase jewels and provide the trousseau for his daughter. He also selected the servants who should follow the young wife into her new dwelling. When all these preparations were over, he had the pleasure of seeing his daughter dedicate her doll and her other toys to the divinities which had protected her childhood. Then came the wedding day."" pg 43",,,,,,,Play & Magic,"Protection, Spirits",,"Child, Adult",Girl,,,,," (1897) Roman life in Pliny's time
Section: CHAPTER II. WOMEN AND MARRIAGE.
By: Pellisson, Maurice, ",
Enxet and Enlhet,Southern South America,"""The doll shown in Cross-Reference: (Pl. XL, 4), is merely a small unaltered bone dressed up in rags."" pg 297",,,Yes,,,"Bone, Cloth",Play,,,,,,,,," (1901) The Lengua Indians of the Paraguayan Chaco
Section: THE LENGUA INDIANS OF THE PARAGUAYAN CHACO.
By: Hawtrey, S. H. C. ",
Yahgan,Southern South America,"""On most days, if the girl is not needed by her mother, she is left to her own resources. She spends these hours among her playthings. Chiefly she takes up her doll, which is extraordinarily simple and hardly deserves the name, quite in contrast to the not unattractive article that makes the Selk'nam girls happy (Vol. I, 395). A cylindrical-shaped stone the size of one's fist or a short rounded piece of wood without any finish or ornament suffices for this yëka□la. The girl treasures, cherishes, carries, and treats her little doll exactly the way a European girl does; sometimes she even talks to it."" pg 583",,,,,,"Stone, Wood",Play,,,Child,Girl,,,,," (1937) The Yahgan: the life and thought of the water nomads of Cape Horn
Section: β. Girls' Play
By: Gusinde, Martin",
Eastern Apache,Southwest and Basin,"""The girls fashion dolls from panic grass and string together ground cherries to form little figures. They then make, on a tiny scale, substitutes for all the possessions they observe in their own households. Small toy homes are constructed from a number of plants. Ferns yield pillows, blankets, and beds for the dolls. From the Jacob's-ladder are shaped little dresses for the doll, and these dresses are decorated with “jingles” of sideoats grama grass. Even a miniature of the food staple, mescal, has been found, and so the dolls go forth industriously to gather “doll's mescal” ( Androsace pinetorum ). Food is generously provided at these toy encampments, wild peas often serving as the main dish."" pg 45",,,,,,Grass,Play,,,Child,Girl,Child,Girl,,," (1941) An Apache life-way: the economic, social, and religious institutions of the Chiricahua Indians
Section: PLAY
By: Opler, Morris Edward",
Havasupai,Southwest and Basin,"""Much of a girl's role is outlined for her indirectly. Children of both sexes share their games and, to some extent, their work. Verbal definition of the respective sex roles begins when a child is four or five. “We tell a boy not to play with dolls; it's for girls. We tell little girls not to play with a rope (a lasso). Hers is a doll.”"" pg 43",,,,,,,Play,,,Child,Girl,,,,," (1959) The Havasupai woman
Section: Kinship
By: Smithson, Carma Lee ",
Northern Paiute,Southwest and Basin,"""Boys walked on stilts, made whistles of willow or cane, and swung bull-roarers. Girls played with clay dolls and miniature baskets in imitation of female activities."" pg 454",,,,,,Clay,Play,,,Child,Girl,,,,," (1986) Northern Paiute
Section: Games
By: Fowler, Catherine S. ",
O'odham,Southwest and Basin,"""An enemy slayer had made for him an effigy of an Apache, using the hairs he had taken from the slain man's temples. The slayer's guardian if skillful contrived a doll of buckskin dressed in Apache costume and wearing the hair."" pg 76",Adult,,,,,Skin,Magic,Punishment,,,,,,,," (1935) The ethnobiology of the Papago Indians
Section: CEREMONIAL OBJECTS AND PRACTICES
By: Castetter, Edward Franklin",
O'odham (2),Southwest and Basin,"""Little girls' play is also imitative. They enjoy the rag dolls made by mother or grandmother, and they are often seen playing house in a corner of the yard, out of the way of the women at work but within sight and call. "" pg 135",,,,,,,Play,,,Child,Girl,Adult,Woman,,," (1949) The desert people: a study of the Papago Indians
Section: PLAY ACTIVITIES
By: Joseph, Alice ",
O'odham (3),Southwest and Basin,"""Children went naked until the age of eight or ten. After this, the boys wore breechclouts and the girls a double apron, like their elders. Until this age, which was also that of taking up a few adult duties, both sexes played together making dolls of twigs tied together with corn husk."" pg 159",,,,,,"Wood, Corn",Play,,,Child,Mixed,Child,Mixed,,," (1939) Social organization of the Papago Indians
Section: CHILDHOOD
By: Underhill, Ruth",
O'odham (4),Southwest and Basin,"""But somehow he must have angered them, so that they felt they were not treated well. Those Prisoners are very wild. They come out of their basket like little men and run about the house at night. It happens even if you do not make them into dolls as my father's guardian did; even if you simply lay the hair in a basket. They come like handsome men and lie beside women and make them sick. "" pg 21

"" began to dream of those wild women. They can haunt you just as the Prisoners do. They make men and women crazy, sometimes so that they run out and die. Then you must make little clay dolls, a man and a woman, and have the medicine man sing over them to quiet the sick person. I was not bad enough for that, but sometimes, when I sat alone at my basketry, it would seem to me that I saw a boy and a girl making love and it made me wild."" pg 30",,,,,,,Magic,"Protection, Spirits",,,,Adult,,,," (1936) The autobiography of a Papago woman
Section: IV
By: Chona, Maria ",
Zuni,Southwest and Basin,"""Children's games are many and varied. Some are familiar to children the world round: tag, hide and seek, stilt walking, tug of war, and hoops. The girls play with dolls made of clay baked in the ovens, or of cottonwood root carved by the men. "" pg 99",,,,,,"Clay, Wood",Play,,,Child,Girl,Adult,Man,,," (1963) People of the middle place: a study of the Zuni Indians
Section: Later Childhood
By: Leighton, Dorothea Cross,",
Zuni (2),Southwest and Basin,""" The doll is made by anyone who “knows how,” that is, who has the supernatural power to make it effective. It will ensure a safe delivery and a healthy child."" pg 536",,,,,,,Magic,"Fertility, Protection",,,,,,,,"1932) Introduction to Zuñi ceremonialism
Section: THE CALENDAR
By: Bunzel, Ruth Leah",
Tallensi,Western Africa,"""Older girls sometimes introduce dolls as the ‘children’—clay figures of people made by themselves or, more usually, for them by their brothers."" pg 55",Infant,NA,NA,NA,NA,Clay,Play,,Caregiving,Child,Girl,Child,"Girl, Boy",,," (1938) Social and psychological aspects of education in Taleland
Section: V. FUNDAMENTAL LEARNING PROCESSES
By: Fortes, Meyer ",
Teda,Central Afrtica,"""Other play seems freer, and challenges their skill and imagination. They build small packsaddles, small tents, mould animals in clay; little girls make dolls of clay with wooden arms and legs."" pg 215",NA,NA,NA,NA,NA,"Clay, Wood",Play,,Caregiving,Child,Girl,Child,Girl,,,"(1957) Black nomads of the Sahara
Section: 1. Childhood.
By: Chapelle, Jean, 1905",
Tiv,Western Africa,"""The Ibiyamegh doll."" pg ii",Adult,NA,NA,NA,NA,Wood,Magic,Spirits,,,,,,,," (1933) The Tiv people
Section: LIST OF PLATES.
By: Abraham, Roy Clive",
Tsonga,Southern Africa,"""Ronga girls imitate the doings of their mothers, their cooking, their gathering of fuel, etc., just as the boys imitate the fighting and hunting of the men. They also play with dolls, nursing them as they see the women nursing babies. These dolls are called vule. The origin of the game is as follows. A little girl asks her mother who is carrying a younger child on her shoulders: Mother, where did you find your baby? — Oh! I found it in the bush (ntlhaben). — Please bring me one also, mother. — All right!— Next day the mother plucks a sala in the bush, removes all the stones inside it, lets it dry and fixes it to the end of a stick. She pierces the upper part of the sphere, passes bits of string through the holes to imitate hair, smears them with ochre, ties a little clothing round the stick and gives it to the girl! Or if the mother says: “I found the baby in the banana grove,” the father will cut a banana stem, take the heart of the bulb and beat it so as to separate the fibres, which will then represent the hair of the baby; the girl will then play with it for a time."" pg 172",Infant,NA,Yes,Yes,NA,"Wood, Cloth",Play,,Caregiving,Child,Girl,Adult,Woman,,," (1927) The life of a South African tribe: vol. 1
Section: I. The Girls' games.
By: Junod, Henri Alexandre",
Vietnamese,Southeast Asia,"""The servant places a doll which looks red between the legs of the unhappy woman in labor. It is Ong Lang, the “Ong Tô” which was passed to her from the actors' room and who is always happy to play the role of a newborn baby. The mandarin's wife respectfully comes to the communal room to report the happy delivery. The mandarin takes the lamp in his hand and precedes his guest to the room where the mother, whose serenity is restored, is resting on the bed, the child wrapped in white swaddling clothes in her arms."" pg 72",,,,,,,Magic,"Fertility, Protection",,,,,,,," (1926) The material organization of the popular theater among the Annamese
Section: CHAPTER IV SCENIC SYMBOLISM
By: Coulet, Georges ",
Vietnamese (2),Southeast Asia,"""Once the spirit who is the cause of the illness has consented to reveal himself, the task of the thay phap is to make him pass into the body of the medium or con dong. The details of the latter's role have already been described in several of the preceding articles, /see 136: Landes. Indochina AMl—Analyst/ and there is no need to repeat them here. Sometimes the possessing spirit is merely made to pass into one of the little wooden dolls (tuong) with which the con dong then appears to enter into communication. In other cases, perhaps more frequently, at least among the poor, the con dong is not employed, and it is by the very mouth of the invalid that the possessing spirit manifests himself."" pg 8",,,,,,Wood,Magic,"Protection, Spirits",,,,,,,," (1881) Notes on the customs and popular superstitions of the Annamese
Section: Thay Phap
By: Landes, A. ",
Vietnamese (3),Southeast Asia,"""The Annamese believe that the soul wanders in the imponderable ether; the air is filled with them; and they think that it is necessary for these souls to live. Therefore they offer them ritual repasts and burn for their sake tiny horses, paper bars of gold and silver, and mandarin caps. Thus the souls will be satisfied. Servants are given to them by burning common dolls which will aid them in the suprasensible world, and they are made to be helpful and favorable by burning thin sticks of incense in their honor. "" pg 28",,,,,,,Magic,"Spirts, Funerary",,,,,,,," (1907) Annam of former times
Section: Untitled Section
By: Pasquier, Pierre ",
Wolof,Western Africa,"""As in most nonliterate groups, Wolof children, especially girls, learn adult patterns of work at an early age. The girls learn from their mothers by observation and imitation, except for instruction in cooking certain dishes which are quite difficult to prepare. Little girls, four to six years old, too young to do any of the household tasks, “play house” like little girls in literate societies. Their “houses” are dirt walls without roofs, large enough to sit in, and furnished with bed and water jar also made of dirt. Each “wife” builds her dirt house next to that of her “co-wife,” as in the compounds of their parents. These “wives” busy themselves with “cooking” sand in tin cans or clay pots and caring for their dolls, which are ingeniously made, and have elaborate coiffures, jewelry, amulets, and several changes of clothing. Girls through their play rehearse for adult life in many ways. One group enacted a complete wedding ceremony, lasting four days like a real ceremony, with the assistance of the adults and some of the boys in the village. They also have their own work society, as young women do, with an adult woman as their leader."" pg 73",Infant,NA,Yes,Yes,,NA,Play,,Caregiving,Child,Girl,NA,NA,,," Plural marriage among the Wolof in the Gambia: with a consideration of problems of marital adjustment and patterned ways of resolving tensions
Section: CHAPTER III THE DAILY ROUTINE AND THE WORK YEAR OF THE MARRIED WOMAN
By: Ames, David W",
Yi,East Asia,"""I found out after a while that the fear of the doll was the fear of witchcraft. When there is illness about, especially when the disease is contagious, the wizard is called in, and he makes a kind of doll of straw, etc., and into this doll he charms the demon of the disease. The straw figure is then taken out and placed by the roadside. Before long the demon is supposed to pass into some one or other of the passers-by, and in that case the person originally ill recovers rapidly"" pg 93",NA,NA,NA,NA,NA,Straw,Magic,Protection,,,,Adult,,,," (1921) In unknown China: a record of the observations, adventures and experiences of a pioneer missionary during a prolonged sojourn amongst the wild and unknown Nosu tribe of western China
Section: CHAPTER VIII THE FIRST STOP IN NOSULAND
By: Pollard, Samuel",
Yukaghir,North Asia,"""Fig. 13 ( ) represents a shaman's apron, nel, made of reindeer hide. On the chest there are figures of men cut out of cloth, which are called be'yikanča, “dolls” (literally, “representations of human figures”). They are the helpers of the shaman and are called in Tungus nu'lura. Excepting these sewn-on figures the shaman's apron differs in no way from an ordinary woman's apron. We find the same appliqué decorations, embroideries, fringe and tassels, called u'rdan."" pg 186",Adult,NA,Yes,NA,NA,Cloth,Magic,Spirits,,,,Adult,,,," (1975) The Yukaghir and the Yukaghirized Tungus
Section: The Dresses of Tungus Shamans .
By: Jochelson, Waldemar,",